home_ff_int,home_gf_int,away_ff_int,away_gf_int
43.12616293195482,2.9365763418445376,41.657455953541934,2.7174625145031066
